crop_name,soil_type,rainfall,temperature,humidity,fertilizer_used,season,yield
Sugarcane,Loamy,76.33,29.95,23.07,Urea,Summer,26.03
Soybean,Loamy,831.78,20.94,75.82,Organic,Monsoon,40.5
Soybean,Clay,1020.44,25.89,90.24,Organic,Monsoon,28.15
Rice,Silt,55.76,41.4,30.1,DAP,Summer,10.0
Wheat,Sandy,205.64,38.22,36.09,DAP,Summer,13.39
Cotton,Loamy,210.76,36.66,45.85,Organic,Summer,21.8
Sugarcane,Loamy,409.23,25.76,60.66,Urea,Rabi,62.27
Cotton,Sandy,57.41,32.97,40.11,Compost,Summer,10.81
Sugarcane,Loamy,313.66,13.92,48.87,Organic,Rabi,43.99
Sugarcane,Black,213.86,38.86,26.87,NPK,Summer,22.18
Maize,Silt,647.69,33.31,86.29,DAP,Kharif,37.83
Sugarcane,Silt,942.87,21.4,88.62,Compost,Monsoon,48.76
Sugarcane,Black,1162.0,29.97,73.46,Compost,Monsoon,55.6
Wheat,Loamy,416.83,16.75,36.91,NPK,Rabi,26.17
Cotton,Black,976.2,23.37,86.54,DAP,Kharif,32.48
Sugarcane,Sandy,120.0,34.35,48.61,Urea,Summer,40.38
Maize,Black,1109.36,25.58,79.17,NPK,Kharif,44.06
Rice,Sandy,919.26,27.86,63.36,NPK,Kharif,45.27
Maize,Clay,451.2,25.15,37.57,Urea,Rabi,34.7
Wheat,Black,363.9,25.15,39.95,NPK,Rabi,33.76
Soybean,Silt,385.18,16.38,55.15,NPK,Rabi,31.17
Soybean,Silt,189.88,15.41,52.65,Urea,Rabi,24.1
Rice,Loamy,660.26,32.87,85.79,Urea,Kharif,42.28
Rice,Sandy,315.69,21.57,61.47,Compost,Rabi,39.97
Rice,Silt,137.73,20.54,45.63,Compost,Rabi,34.1
Sugarcane,Loamy,781.83,26.07,85.85,Urea,Kharif,55.04
Rice,Black,268.75,14.46,42.49,Compost,Rabi,31.86
Cotton,Black,956.5,28.49,60.44,Urea,Kharif,36.21
Rice,Clay,1281.36,28.65,92.56,Compost,Monsoon,30.51
Wheat,Silt,1085.25,26.97,88.26,DAP,Monsoon,34.83
Sugarcane,Silt,218.68,25.5,52.38,NPK,Rabi,54.05
Sugarcane,Sandy,908.92,28.03,85.58,Urea,Kharif,47.0
Soybean,Loamy,916.52,30.1,67.06,NPK,Kharif,41.52
Soybean,Clay,933.57,27.03,77.51,Organic,Kharif,38.48
Maize,Clay,206.25,12.09,54.37,DAP,Rabi,27.88
Wheat,Loamy,551.28,24.56,67.96,Compost,Kharif,46.24
Wheat,Clay,56.28,39.67,41.11,DAP,Summer,15.07
Sugarcane,Black,234.3,29.45,46.34,Urea,Summer,47.4
Wheat,Black,84.8,30.95,30.29,NPK,Summer,16.86
Maize,Black,228.23,39.85,22.77,Compost,Summer,10.0
Maize,Loamy,197.36,36.92,27.86,Urea,Summer,16.06
Soybean,Silt,578.31,33.34,80.73,Organic,Kharif,33.13
Wheat,Sandy,271.91,10.67,45.94,Organic,Rabi,15.35
Wheat,Sandy,366.77,15.66,51.8,NPK,Rabi,28.82
Soybean,Clay,490.48,22.97,61.44,NPK,Rabi,38.08
Sugarcane,Sandy,206.72,22.6,38.24,Compost,Rabi,39.59
Cotton,Clay,1149.66,28.21,91.78,NPK,Monsoon,24.22
Sugarcane,Clay,84.08,28.97,43.2,Compost,Summer,40.81
Soybean,Silt,236.02,29.61,49.11,Organic,Summer,27.69
Maize,Loamy,1145.69,27.86,80.91,Urea,Monsoon,45.11
Wheat,Silt,201.89,21.34,35.05,Organic,Rabi,24.59
Soybean,Clay,869.97,26.64,78.26,DAP,Monsoon,38.85
Wheat,Sandy,173.39,32.57,40.92,Organic,Summer,19.47
Rice,Silt,346.21,14.82,51.44,Compost,Rabi,32.33
Maize,Clay,126.95,34.19,26.41,Compost,Summer,11.36
Sugarcane,Clay,138.55,36.86,30.06,Urea,Summer,28.64
Rice,Sandy,158.94,10.74,64.52,NPK,Rabi,25.33
Wheat,Silt,387.34,16.14,46.99,Compost,Rabi,26.35
Sugarcane,Loamy,1018.84,28.04,87.4,Urea,Monsoon,53.7
Soybean,Clay,933.34,24.65,83.28,Urea,Monsoon,36.36
Maize,Silt,1630.57,25.48,92.43,Organic,Monsoon,20.27
Cotton,Silt,435.95,14.44,58.33,DAP,Rabi,26.89
Rice,Sandy,999.48,24.81,70.08,Compost,Kharif,44.5
Wheat,Clay,253.21,12.44,41.42,NPK,Rabi,19.03
Maize,Black,862.27,28.33,79.74,Compost,Monsoon,45.96
Sugarcane,Loamy,1276.98,29.43,77.47,Organic,Monsoon,53.41
Cotton,Black,295.29,14.37,49.57,Organic,Rabi,22.32
Sugarcane,Silt,1719.54,29.81,83.35,NPK,Monsoon,37.72
Soybean,Black,949.92,23.63,73.85,Urea,Kharif,37.65
Cotton,Sandy,1126.85,27.61,79.48,NPK,Monsoon,29.95
Cotton,Sandy,819.38,25.39,95.0,Urea,Monsoon,19.81
Sugarcane,Loamy,1164.73,24.39,60.61,Urea,Kharif,56.25
Rice,Silt,286.01,14.1,46.07,Urea,Rabi,31.74
Sugarcane,Loamy,44.86,28.36,29.36,NPK,Summer,33.64
Cotton,Silt,914.47,31.97,67.29,NPK,Kharif,38.01
Maize,Black,743.04,27.14,71.12,Urea,Kharif,48.43
Maize,Loamy,905.54,29.61,85.89,Compost,Monsoon,43.34
Sugarcane,Clay,393.52,25.45,43.1,Compost,Rabi,51.83
Soybean,Silt,1625.73,25.92,78.06,Compost,Monsoon,19.96
Wheat,Sandy,400.19,19.12,55.05,Compost,Rabi,29.67
Cotton,Sandy,1012.12,27.98,78.51,NPK,Monsoon,32.66
Sugarcane,Sandy,861.64,24.29,67.24,Organic,Kharif,54.29
Soybean,Clay,1248.17,20.17,77.36,Compost,Monsoon,29.93
Rice,Sandy,128.85,35.43,32.77,Organic,Summer,17.15
Maize,Sandy,90.52,31.23,41.64,Compost,Summer,20.89
Sugarcane,Black,186.55,17.75,56.74,NPK,Rabi,53.45
Soybean,Black,1082.84,25.55,70.83,DAP,Kharif,38.95
Sugarcane,Black,30.47,28.76,28.76,NPK,Summer,32.87
Sugarcane,Silt,901.84,27.63,73.21,Urea,Kharif,57.07
Wheat,Sandy,1075.48,26.81,62.22,Compost,Kharif,35.71
Wheat,Clay,39.59,31.47,36.74,NPK,Summer,19.18
Soybean,Black,1250.51,24.43,91.5,NPK,Monsoon,29.95
Maize,Black,926.74,30.88,88.43,Organic,Kharif,37.17
Rice,Sandy,195.95,18.83,39.7,Urea,Rabi,26.35
Sugarcane,Black,27.51,32.03,28.48,Compost,Summer,28.73
Wheat,Clay,270.06,18.71,54.43,DAP,Rabi,36.55
Rice,Loamy,417.05,19.52,59.73,Urea,Rabi,49.23
Cotton,Loamy,180.94,41.2,35.01,Compost,Summer,10.0
Wheat,Black,1534.53,26.04,70.65,Urea,Monsoon,29.68
Sugarcane,Black,1199.7,30.07,68.09,Organic,Kharif,53.8
Rice,Silt,1716.07,21.81,84.63,Organic,Monsoon,23.43
Cotton,Loamy,113.92,32.49,23.14,Compost,Summer,10.0
Cotton,Silt,1613.57,25.5,81.37,DAP,Monsoon,17.73
Maize,Loamy,960.36,28.51,72.4,Compost,Kharif,45.12
Maize,Black,1559.99,22.04,83.73,Compost,Monsoon,29.11
Cotton,Silt,1181.2,29.31,67.18,Urea,Kharif,31.77
Soybean,Loamy,893.21,29.92,92.82,Organic,Monsoon,31.24
Wheat,Clay,137.04,31.83,45.04,Compost,Summer,28.19
Rice,Silt,253.43,24.75,50.25,Organic,Rabi,44.14
Wheat,Sandy,234.88,35.11,44.62,Compost,Summer,18.91
Maize,Black,1665.26,24.47,82.11,Organic,Monsoon,25.05
Soybean,Silt,220.01,41.73,27.16,Compost,Summer,10.0
Cotton,Loamy,1505.23,28.11,79.65,DAP,Monsoon,26.56
Sugarcane,Clay,588.37,33.58,69.96,Compost,Kharif,54.78
Cotton,Loamy,815.35,21.44,91.77,Organic,Monsoon,30.78
Wheat,Silt,163.35,33.56,22.41,DAP,Summer,10.0
Sugarcane,Black,164.16,40.42,34.64,Compost,Summer,27.32
Soybean,Loamy,249.41,38.45,33.02,NPK,Summer,12.22
Sugarcane,Loamy,377.6,24.45,36.38,Compost,Rabi,48.23
Maize,Sandy,945.57,25.31,84.15,DAP,Monsoon,38.59
Rice,Clay,1419.71,22.41,92.82,Urea,Monsoon,26.48
Cotton,Sandy,173.37,40.58,33.96,Compost,Summer,10.0
Soybean,Clay,1745.24,29.88,77.48,Urea,Monsoon,20.13
Sugarcane,Sandy,65.82,33.39,34.5,Compost,Summer,25.74
Soybean,Sandy,248.32,32.13,49.34,Organic,Summer,24.75
Maize,Loamy,1137.43,30.94,84.99,Organic,Kharif,41.06
Rice,Black,354.65,19.93,55.33,DAP,Rabi,46.32
Sugarcane,Clay,716.25,27.29,77.39,Urea,Kharif,59.85
Wheat,Sandy,975.64,21.32,83.49,DAP,Monsoon,33.78
Soybean,Black,202.79,23.2,49.46,DAP,Rabi,35.09
Sugarcane,Sandy,1762.89,21.41,94.16,Urea,Monsoon,21.07
Sugarcane,Silt,40.77,33.52,27.93,Organic,Summer,23.06
Maize,Sandy,1622.42,29.4,72.71,Organic,Monsoon,23.71
Wheat,Black,230.51,31.1,21.9,Organic,Summer,10.0
Sugarcane,Sandy,597.84,33.36,69.13,Compost,Kharif,52.08
Wheat,Clay,255.46,15.94,63.48,Organic,Rabi,32.95
Soybean,Silt,454.17,20.48,60.01,Organic,Rabi,37.24
Maize,Loamy,277.35,25.21,60.66,DAP,Rabi,43.95
Sugarcane,Sandy,33.93,31.86,49.05,Organic,Summer,40.44
Cotton,Loamy,535.4,26.0,89.66,NPK,Kharif,33.71
Rice,Loamy,334.55,23.01,41.99,Organic,Rabi,42.1
Soybean,Loamy,495.01,18.64,58.96,DAP,Rabi,36.47
Wheat,Clay,201.7,31.33,29.71,Urea,Summer,14.1
Wheat,Clay,1021.97,27.71,83.34,Compost,Kharif,35.92
Wheat,Silt,478.17,10.69,58.5,Organic,Rabi,27.06
Soybean,Sandy,542.58,27.75,72.05,Compost,Kharif,35.66
Cotton,Silt,725.48,23.78,63.79,Urea,Kharif,38.46
Soybean,Black,1794.63,25.31,81.34,DAP,Monsoon,16.38
Wheat,Loamy,272.03,24.21,47.41,Organic,Rabi,38.17
Cotton,Silt,118.16,37.31,31.23,Urea,Summer,10.0
Cotton,Loamy,565.26,23.16,82.16,Urea,Kharif,36.89
Soybean,Loamy,174.1,33.75,46.21,Organic,Summer,28.94
Cotton,Loamy,100.88,36.09,26.38,DAP,Summer,10.0
Rice,Loamy,46.42,31.9,26.78,DAP,Summer,17.76
Soybean,Black,926.3,29.89,80.8,Organic,Kharif,35.17
Maize,Sandy,21.4,40.18,36.99,DAP,Summer,10.0
Rice,Loamy,250.48,17.26,39.72,Urea,Rabi,32.24
Maize,Black,1118.34,23.87,82.63,Organic,Kharif,37.8
Wheat,Sandy,1285.66,24.42,76.83,Compost,Monsoon,30.42
Wheat,Sandy,698.27,30.14,74.6,Compost,Kharif,36.86
Wheat,Clay,505.38,25.62,66.34,Compost,Kharif,40.29
Maize,Sandy,505.41,30.96,65.27,DAP,Kharif,41.2
Sugarcane,Clay,36.58,40.06,21.27,Organic,Summer,10.0
Wheat,Sandy,1373.4,27.09,80.44,Organic,Monsoon,24.73
Wheat,Sandy,1632.03,29.2,72.2,NPK,Monsoon,23.78
Rice,Silt,1323.96,23.96,77.76,Organic,Monsoon,39.21
Maize,Clay,871.42,24.33,83.29,Urea,Kharif,41.22
Sugarcane,Clay,602.51,24.37,78.07,NPK,Kharif,60.13
Sugarcane,Loamy,1263.95,25.64,84.49,NPK,Monsoon,53.24
Soybean,Black,54.72,28.96,33.27,DAP,Summer,15.35
Maize,Black,136.69,32.35,33.56,Urea,Summer,20.39
Maize,Loamy,1262.71,25.54,89.8,Urea,Monsoon,36.8
Cotton,Black,159.15,35.02,48.73,NPK,Summer,23.57
Maize,Loamy,115.66,21.32,64.73,Organic,Rabi,40.66
Soybean,Clay,231.13,33.42,43.23,DAP,Summer,25.92
Wheat,Sandy,41.74,37.5,28.52,Urea,Summer,10.0
Sugarcane,Black,38.75,37.29,47.5,NPK,Summer,38.86
Sugarcane,Silt,716.71,26.52,83.75,NPK,Kharif,57.77
Sugarcane,Black,1308.49,20.18,77.72,Urea,Monsoon,52.13
Maize,Silt,499.99,12.48,43.87,NPK,Rabi,29.29
Soybean,Black,963.35,32.52,78.54,Organic,Kharif,37.32
Rice,Clay,388.47,10.7,45.93,NPK,Rabi,29.26
Cotton,Black,1034.0,22.39,94.14,DAP,Monsoon,26.18
Rice,Sandy,1261.68,22.82,79.55,Organic,Monsoon,35.9
Rice,Clay,449.2,10.83,49.42,Organic,Rabi,29.08
Wheat,Black,39.29,30.24,33.48,Urea,Summer,17.3
Cotton,Loamy,1684.63,29.3,80.37,NPK,Monsoon,18.73
Maize,Clay,762.44,22.34,87.92,Compost,Kharif,39.43
Sugarcane,Sandy,115.32,24.68,49.17,NPK,Rabi,47.24
Sugarcane,Silt,1134.1,22.23,66.47,Compost,Kharif,52.58
Sugarcane,Black,911.19,22.88,77.53,Organic,Monsoon,55.77
Cotton,Black,577.6,32.86,77.9,Compost,Kharif,31.72
Soybean,Black,216.51,10.03,45.58,NPK,Rabi,16.23
Rice,Loamy,35.57,35.36,35.22,Organic,Summer,25.41
Soybean,Loamy,843.53,23.87,79.33,Compost,Monsoon,40.65
Maize,Loamy,393.18,20.05,58.15,DAP,Rabi,45.69
Maize,Clay,145.58,39.39,25.25,Urea,Summer,10.0
Cotton,Silt,125.24,22.42,48.73,NPK,Rabi,26.13
Wheat,Clay,234.68,35.22,49.67,Urea,Summer,28.81
Maize,Loamy,102.1,38.93,45.97,NPK,Summer,25.54
Wheat,Sandy,1543.31,28.95,79.67,Compost,Monsoon,23.19
Cotton,Silt,204.26,38.18,22.37,DAP,Summer,10.0
Rice,Black,43.6,32.59,28.87,DAP,Summer,18.66
Sugarcane,Silt,1151.55,20.42,91.75,NPK,Monsoon,43.86
Cotton,Sandy,969.83,26.87,75.39,Urea,Kharif,32.17
Rice,Loamy,834.8,20.67,89.46,NPK,Monsoon,42.09
Cotton,Black,371.62,25.18,46.16,Urea,Rabi,33.14
Soybean,Clay,111.55,37.09,27.49,Organic,Summer,10.0
Sugarcane,Clay,1713.54,21.18,89.37,Compost,Monsoon,30.03
Rice,Black,1000.18,21.36,71.85,DAP,Monsoon,46.95
Sugarcane,Silt,173.6,37.93,36.5,Urea,Summer,31.05
Maize,Clay,137.01,29.7,26.03,NPK,Summer,14.14
Cotton,Loamy,127.5,41.76,23.89,DAP,Summer,10.0
Wheat,Sandy,1325.7,27.69,90.58,Compost,Monsoon,18.69
Maize,Loamy,1480.11,23.45,91.95,Compost,Monsoon,27.08
Sugarcane,Black,273.05,24.57,36.66,NPK,Rabi,44.58
Rice,Sandy,229.06,21.35,45.38,NPK,Rabi,36.58
Maize,Loamy,354.02,18.81,38.76,DAP,Rabi,32.27
Soybean,Loamy,336.72,19.29,40.14,Organic,Rabi,28.44
Soybean,Sandy,1077.67,22.34,61.36,Organic,Kharif,33.15
Soybean,Sandy,1418.11,20.3,92.22,NPK,Monsoon,14.61
Sugarcane,Sandy,421.88,20.96,43.92,Compost,Rabi,41.97
Wheat,Clay,1284.25,22.04,85.17,Compost,Monsoon,28.16
Sugarcane,Sandy,930.77,23.71,84.04,DAP,Monsoon,48.94
Cotton,Loamy,1047.92,20.97,77.26,DAP,Monsoon,34.56
Soybean,Silt,425.39,24.94,56.63,NPK,Rabi,37.64
Rice,Silt,1298.76,23.09,70.58,Organic,Monsoon,44.47
Soybean,Silt,333.34,10.78,43.44,NPK,Rabi,17.04
Sugarcane,Silt,1093.02,27.17,86.47,DAP,Kharif,52.13
Cotton,Sandy,851.16,25.62,79.06,Urea,Monsoon,29.9
Cotton,Black,209.82,36.73,38.33,Compost,Summer,12.49
Wheat,Silt,148.3,33.12,24.33,DAP,Summer,10.0
Cotton,Black,527.24,30.56,84.12,Urea,Kharif,33.25
Rice,Black,231.19,19.81,39.88,Organic,Rabi,36.79
Sugarcane,Sandy,136.68,35.14,34.7,Organic,Summer,28.52
Cotton,Loamy,174.98,41.72,37.51,DAP,Summer,10.0
Sugarcane,Loamy,1065.53,26.56,94.3,Organic,Monsoon,48.13
Rice,Loamy,970.51,26.29,85.49,Organic,Monsoon,47.21
Rice,Clay,633.55,27.29,72.56,Urea,Kharif,49.61
Rice,Silt,1672.82,27.36,71.56,Organic,Monsoon,29.41
Rice,Black,1325.48,23.14,74.33,DAP,Monsoon,45.04
Maize,Black,160.32,30.69,27.4,DAP,Summer,18.44
Rice,Sandy,376.1,17.82,49.39,DAP,Rabi,35.5
Sugarcane,Sandy,901.43,28.52,86.87,DAP,Kharif,47.85
Maize,Clay,701.34,30.57,70.39,DAP,Kharif,47.01
Maize,Silt,431.18,14.34,51.86,NPK,Rabi,33.2
Wheat,Black,196.98,20.72,50.93,Organic,Rabi,34.59
Wheat,Loamy,184.99,29.41,43.12,Compost,Summer,26.19
Soybean,Clay,1277.45,21.99,94.1,Compost,Monsoon,19.73
Sugarcane,Loamy,314.06,21.57,63.1,Urea,Rabi,59.76
Rice,Silt,1198.02,26.76,74.86,NPK,Kharif,47.26
Maize,Loamy,150.63,29.5,49.49,Urea,Summer,35.4
Sugarcane,Black,1689.26,21.34,82.61,Organic,Monsoon,35.02
Wheat,Sandy,1448.29,27.19,70.35,NPK,Monsoon,28.06
Maize,Black,344.38,20.22,47.16,NPK,Rabi,39.08
Maize,Loamy,629.35,23.69,69.71,Compost,Kharif,46.65
Maize,Silt,1553.76,29.54,77.55,NPK,Monsoon,32.79
Wheat,Sandy,124.85,11.89,44.2,DAP,Rabi,11.73
Soybean,Sandy,104.54,31.09,48.72,Urea,Summer,21.32
Cotton,Black,1501.94,29.13,88.93,DAP,Monsoon,20.78
Rice,Clay,867.85,28.34,70.85,Organic,Kharif,51.7
Wheat,Loamy,329.08,12.4,44.84,Organic,Rabi,23.76
Wheat,Clay,890.94,25.1,90.22,Organic,Monsoon,33.58
Soybean,Silt,891.16,30.07,69.25,Compost,Kharif,36.54
Maize,Loamy,531.7,26.13,61.91,NPK,Kharif,52.72
Wheat,Silt,114.04,38.77,42.97,Urea,Summer,19.94
Sugarcane,Silt,1248.54,29.17,79.44,DAP,Monsoon,49.97
Sugarcane,Black,47.29,41.9,31.79,NPK,Summer,19.25
Rice,Loamy,126.49,38.07,32.72,Urea,Summer,19.34
Rice,Clay,55.68,30.64,46.26,Compost,Summer,33.46
Wheat,Silt,668.47,22.81,77.82,Organic,Kharif,39.49
Sugarcane,Loamy,781.59,24.81,66.52,NPK,Kharif,65.36
Wheat,Clay,73.86,40.83,37.28,Organic,Summer,10.0
Sugarcane,Sandy,221.54,41.8,35.64,NPK,Summer,22.42
Maize,Loamy,350.4,16.84,49.87,Organic,Rabi,39.58
Sugarcane,Silt,180.15,33.72,29.0,Organic,Summer,27.66
Soybean,Silt,220.29,21.32,59.17,NPK,Rabi,37.03
Soybean,Silt,255.37,14.08,44.91,Compost,Rabi,17.87
Cotton,Sandy,120.61,16.03,53.15,Urea,Rabi,15.16
Wheat,Clay,291.76,23.91,44.99,Organic,Rabi,35.67
Wheat,Clay,1022.82,31.05,87.43,NPK,Kharif,35.36
Sugarcane,Clay,320.83,22.41,46.42,Compost,Rabi,50.35
Maize,Sandy,137.95,34.96,22.96,DAP,Summer,10.0
Cotton,Sandy,91.97,28.64,45.92,NPK,Summer,19.69
Wheat,Sandy,1095.19,21.96,75.75,Organic,Monsoon,33.27
Rice,Silt,79.19,39.5,49.0,Organic,Summer,26.58
Cotton,Silt,58.93,38.08,34.65,NPK,Summer,10.0
Soybean,Loamy,1087.35,22.89,84.54,Organic,Kharif,31.8
Wheat,Silt,127.19,12.42,41.56,NPK,Rabi,16.22
Wheat,Black,1459.28,20.16,83.31,Organic,Monsoon,25.49
Wheat,Black,23.94,39.38,40.22,DAP,Summer,15.98
Rice,Loamy,196.39,19.92,42.57,Urea,Rabi,36.14
Cotton,Loamy,1259.0,22.43,87.43,DAP,Monsoon,25.95
Wheat,Loamy,1179.26,25.53,71.4,Urea,Monsoon,38.71
Rice,Loamy,1444.91,23.31,94.43,Compost,Monsoon,29.96
Soybean,Loamy,460.51,21.08,52.0,NPK,Rabi,37.57
Wheat,Sandy,625.55,32.21,60.47,Organic,Kharif,35.29
Rice,Silt,57.36,31.37,45.04,Urea,Summer,31.07
Soybean,Sandy,416.2,21.03,37.35,Compost,Rabi,21.51
Maize,Loamy,1032.14,20.76,85.13,Urea,Monsoon,40.45
Soybean,Silt,943.89,31.4,73.52,DAP,Kharif,37.2
Soybean,Silt,371.88,20.57,37.57,Compost,Rabi,24.67
Rice,Loamy,55.47,37.96,39.02,Urea,Summer,25.05
Maize,Sandy,503.64,25.7,70.8,Urea,Kharif,40.47
Rice,Loamy,1248.84,25.55,80.2,NPK,Monsoon,42.51
Maize,Black,218.66,28.17,32.41,Urea,Summer,26.25
Sugarcane,Black,374.13,12.71,43.07,NPK,Rabi,39.75
Rice,Loamy,1075.96,23.0,89.57,NPK,Monsoon,40.96
Rice,Silt,283.14,12.17,35.2,Organic,Rabi,19.29
Soybean,Silt,1134.74,28.15,91.49,DAP,Monsoon,30.49
Rice,Sandy,291.6,12.84,46.95,DAP,Rabi,24.84
Sugarcane,Silt,230.35,14.48,58.58,Organic,Rabi,44.7
Soybean,Clay,372.69,18.8,63.59,Organic,Rabi,34.9
Sugarcane,Clay,211.19,28.97,45.43,Compost,Summer,47.22
Sugarcane,Silt,75.66,37.22,41.46,NPK,Summer,37.07
Wheat,Silt,1382.24,25.34,93.09,Organic,Monsoon,24.34
Cotton,Black,181.38,39.37,37.81,Urea,Summer,12.92
Wheat,Clay,358.8,10.71,64.51,DAP,Rabi,26.63
Cotton,Sandy,507.38,25.1,75.32,Compost,Kharif,30.54
Soybean,Black,1174.12,24.63,86.99,NPK,Monsoon,33.37
Rice,Sandy,904.55,24.16,94.04,Urea,Monsoon,30.61
Sugarcane,Clay,98.91,38.98,35.63,DAP,Summer,28.47
Wheat,Silt,35.45,28.63,41.32,Compost,Summer,19.21
Maize,Loamy,306.4,18.83,44.93,NPK,Rabi,36.99
Cotton,Clay,174.55,20.52,46.87,Compost,Rabi,25.71
Rice,Silt,1188.84,27.05,75.14,Organic,Monsoon,45.74
Wheat,Black,246.32,13.15,38.42,Urea,Rabi,19.13
Cotton,Black,1411.31,25.87,78.7,DAP,Monsoon,29.72
Soybean,Clay,970.48,25.76,67.16,DAP,Kharif,38.96
Maize,Clay,1218.24,21.38,79.59,Organic,Monsoon,36.27
Sugarcane,Black,295.86,12.24,44.44,NPK,Rabi,39.58
Wheat,Sandy,936.53,28.15,94.1,Urea,Monsoon,25.63
Cotton,Silt,1510.14,24.44,74.18,Compost,Monsoon,23.54
Rice,Sandy,71.71,32.04,43.42,Urea,Summer,26.42
Cotton,Black,900.9,25.21,76.29,Organic,Kharif,39.34
Soybean,Loamy,495.91,11.64,59.9,Compost,Rabi,28.38
Maize,Loamy,100.17,39.43,33.17,Compost,Summer,16.3
Rice,Clay,218.04,36.54,32.85,Organic,Summer,22.26
Rice,Clay,142.42,36.36,25.05,Urea,Summer,14.49
Maize,Sandy,239.05,35.2,47.0,Organic,Summer,27.73
Rice,Silt,219.42,29.78,45.98,Urea,Summer,35.24
Sugarcane,Sandy,1289.46,25.77,76.72,NPK,Monsoon,47.97
Cotton,Loamy,1315.61,22.78,93.41,Urea,Monsoon,20.09
Cotton,Sandy,1108.24,32.17,62.79,Organic,Kharif,31.15
Sugarcane,Sandy,1017.83,24.3,75.3,Urea,Monsoon,51.29
Maize,Sandy,326.46,17.77,45.31,Organic,Rabi,29.49
Wheat,Loamy,816.28,29.29,73.95,Urea,Monsoon,44.49
Cotton,Clay,56.56,41.06,28.22,NPK,Summer,10.0
Maize,Loamy,120.71,20.01,56.78,DAP,Rabi,40.62
Cotton,Loamy,649.39,22.94,77.81,Urea,Kharif,37.59
Cotton,Loamy,207.94,41.83,32.67,Urea,Summer,10.0
Wheat,Clay,1011.53,23.23,69.4,Compost,Kharif,41.82
Rice,Silt,127.36,19.01,53.31,NPK,Rabi,36.88
Maize,Clay,1416.08,24.42,75.43,NPK,Monsoon,39.2
Rice,Loamy,1151.54,24.29,89.78,Organic,Monsoon,38.31
Sugarcane,Loamy,199.16,37.67,45.44,NPK,Summer,43.71
Maize,Clay,399.14,14.73,36.64,Organic,Rabi,26.38
Rice,Silt,668.76,29.66,62.13,Compost,Kharif,50.88
Wheat,Sandy,254.74,23.42,47.63,DAP,Rabi,29.97
Rice,Silt,911.15,22.17,66.47,Urea,Kharif,50.29
Cotton,Black,1223.58,24.02,86.01,DAP,Monsoon,28.55
Rice,Sandy,38.17,40.89,49.23,Urea,Summer,16.71
Maize,Silt,717.12,27.25,88.6,Organic,Kharif,37.63
Rice,Loamy,817.36,29.31,69.28,Compost,Kharif,52.34
Sugarcane,Clay,995.53,30.42,64.91,Urea,Kharif,60.82
Soybean,Black,248.75,22.0,61.2,DAP,Rabi,38.37
Wheat,Loamy,1071.98,20.64,87.81,DAP,Monsoon,34.38
Wheat,Silt,32.75,40.03,25.01,Compost,Summer,10.0
Wheat,Black,396.31,10.04,60.76,Urea,Rabi,22.69
Wheat,Silt,1720.23,21.79,94.01,DAP,Monsoon,10.0
Sugarcane,Silt,77.1,40.82,29.6,NPK,Summer,21.61
Soybean,Sandy,625.54,31.65,89.44,Urea,Kharif,28.9
Wheat,Silt,95.28,35.74,20.24,DAP,Summer,10.0
Soybean,Sandy,285.57,19.47,49.8,Organic,Rabi,27.36
Rice,Black,102.55,16.56,41.99,NPK,Rabi,30.11
Sugarcane,Loamy,1031.25,26.52,82.14,DAP,Kharif,55.92
Rice,Black,1292.03,20.6,94.92,NPK,Monsoon,31.66
Wheat,Loamy,1500.85,23.72,94.36,NPK,Monsoon,19.02
Wheat,Black,874.83,25.68,80.87,NPK,Monsoon,44.32
Rice,Sandy,232.99,33.5,44.96,DAP,Summer,29.21
Cotton,Sandy,1160.49,23.63,83.1,NPK,Kharif,23.21
Wheat,Clay,1114.03,21.21,78.96,Compost,Monsoon,36.49
Cotton,Sandy,216.07,29.27,44.23,Compost,Summer,17.06
Sugarcane,Black,434.37,15.24,37.74,Urea,Rabi,39.39
Maize,Silt,974.03,25.12,89.72,Organic,Kharif,34.08
Cotton,Silt,137.89,11.63,58.81,Organic,Rabi,14.84
Wheat,Clay,429.47,15.96,53.91,NPK,Rabi,34.6
Soybean,Black,515.26,22.77,87.07,DAP,Kharif,34.15
Rice,Loamy,529.89,27.53,65.04,DAP,Kharif,53.27
Sugarcane,Silt,767.91,27.12,70.62,Compost,Kharif,60.97
Maize,Sandy,113.86,19.91,42.37,Compost,Rabi,22.91
Cotton,Black,561.41,26.6,72.58,Compost,Kharif,38.46
Soybean,Clay,1192.58,31.38,70.77,Organic,Kharif,35.52
Cotton,Sandy,109.33,30.52,29.57,Organic,Summer,10.0
Maize,Loamy,196.37,41.99,49.22,Compost,Summer,21.2
Sugarcane,Clay,1034.83,33.37,77.27,DAP,Kharif,56.98
Cotton,Sandy,194.62,15.09,57.14,NPK,Rabi,19.25
Soybean,Loamy,325.24,13.01,64.64,DAP,Rabi,31.36
Cotton,Black,296.17,11.44,41.98,DAP,Rabi,12.86
Soybean,Silt,231.12,30.82,23.91,Urea,Summer,10.0
Maize,Loamy,334.64,24.68,58.23,Urea,Rabi,47.55
Maize,Loamy,1386.02,23.37,78.07,DAP,Monsoon,40.61
Sugarcane,Silt,60.07,41.56,40.81,Compost,Summer,28.45
Maize,Clay,251.35,21.74,43.84,Organic,Rabi,33.29
Wheat,Black,627.46,25.82,84.26,Compost,Kharif,38.8
Sugarcane,Black,940.64,27.45,75.95,Urea,Monsoon,61.94
Rice,Loamy,811.4,22.1,87.33,DAP,Monsoon,44.08
Wheat,Loamy,1238.22,24.2,74.16,Urea,Monsoon,38.55
Cotton,Sandy,901.43,24.79,91.6,Organic,Monsoon,23.34
Sugarcane,Clay,873.71,28.46,77.37,NPK,Monsoon,58.57
Wheat,Loamy,455.17,12.57,37.25,DAP,Rabi,22.97
Wheat,Sandy,1504.5,24.31,86.34,Organic,Monsoon,19.63
Cotton,Clay,731.77,33.69,72.28,Urea,Kharif,35.77
Sugarcane,Black,88.4,29.34,31.79,DAP,Summer,34.89
Cotton,Clay,20.88,29.23,44.72,Urea,Summer,20.43
Cotton,Clay,644.87,29.66,89.31,Urea,Kharif,29.52
Wheat,Sandy,1289.1,26.61,72.28,Compost,Monsoon,30.98
Rice,Sandy,62.91,28.62,33.19,Compost,Summer,16.87
Maize,Black,400.89,20.68,37.57,Urea,Rabi,32.25
Soybean,Silt,321.44,23.45,59.55,Organic,Rabi,36.33
Soybean,Silt,290.5,11.26,62.08,Organic,Rabi,23.53
Soybean,Black,148.11,22.12,40.19,Organic,Rabi,27.96
Rice,Clay,796.36,33.86,73.06,NPK,Kharif,50.5
Sugarcane,Clay,93.54,38.18,44.22,Organic,Summer,33.9
Soybean,Silt,217.02,35.28,47.51,Organic,Summer,22.0
Sugarcane,Black,912.52,21.5,84.16,Organic,Monsoon,54.48
Wheat,Loamy,1050.02,32.41,86.4,Organic,Kharif,36.61
Maize,Silt,837.47,22.75,73.6,Compost,Monsoon,44.98
Sugarcane,Silt,1689.57,23.31,75.94,Urea,Monsoon,40.03
Maize,Sandy,208.0,32.24,28.41,Urea,Summer,12.89
Sugarcane,Loamy,220.19,21.9,58.22,NPK,Rabi,55.75
Sugarcane,Silt,631.55,24.54,84.72,Organic,Kharif,55.21
Soybean,Sandy,126.25,21.35,47.1,Urea,Rabi,24.6
Soybean,Black,177.11,23.33,60.11,Urea,Rabi,34.61
Cotton,Loamy,209.59,23.18,50.15,DAP,Rabi,32.68
Wheat,Loamy,132.42,34.25,48.82,NPK,Summer,29.85
Soybean,Sandy,435.06,14.14,59.93,DAP,Rabi,23.24
Wheat,Silt,441.53,22.48,41.43,Urea,Rabi,30.71
Rice,Clay,1313.28,28.65,94.18,DAP,Monsoon,32.46
Cotton,Clay,656.64,29.3,88.29,NPK,Kharif,32.57
Sugarcane,Sandy,1651.59,24.59,75.46,Compost,Monsoon,34.41
Soybean,Black,505.14,33.99,88.99,Compost,Kharif,31.37
Soybean,Black,88.65,29.51,21.92,Organic,Summer,10.0
Sugarcane,Sandy,170.91,41.33,39.54,DAP,Summer,23.8
Soybean,Clay,1460.53,26.81,88.03,Urea,Monsoon,23.75
Maize,Sandy,1188.27,20.35,87.7,Compost,Monsoon,27.71
Rice,Sandy,1706.53,26.72,82.68,NPK,Monsoon,24.27
Sugarcane,Black,42.45,29.79,27.76,NPK,Summer,31.12
Rice,Sandy,242.11,21.91,44.21,Urea,Rabi,34.71
Maize,Sandy,126.66,29.65,21.61,DAP,Summer,10.0
Soybean,Black,1689.43,25.0,91.69,Urea,Monsoon,12.41
Maize,Silt,154.95,13.2,47.28,Urea,Rabi,25.27
Cotton,Clay,411.58,17.8,53.93,DAP,Rabi,28.81
Sugarcane,Loamy,1073.53,27.61,74.22,Urea,Monsoon,60.74
Cotton,Loamy,1433.49,24.03,94.13,NPK,Monsoon,17.9
Wheat,Black,238.52,40.49,42.71,NPK,Summer,20.02
Wheat,Loamy,377.41,15.51,38.87,NPK,Rabi,25.67
Soybean,Sandy,1076.69,25.58,68.72,NPK,Kharif,35.97
Soybean,Black,1687.97,29.95,78.57,DAP,Monsoon,23.2
Maize,Clay,819.12,22.24,94.62,NPK,Monsoon,33.25
Wheat,Black,149.26,21.38,58.76,Organic,Rabi,35.13
Sugarcane,Sandy,915.75,22.58,63.24,Organic,Kharif,55.33
Wheat,Loamy,1180.25,25.47,81.86,Compost,Monsoon,34.75
Sugarcane,Loamy,1461.66,26.62,76.75,DAP,Monsoon,50.85
Rice,Silt,697.89,31.42,74.93,Urea,Kharif,48.39
Maize,Black,181.79,32.13,21.18,NPK,Summer,10.73
Rice,Silt,101.1,20.75,62.21,DAP,Rabi,42.54
Sugarcane,Silt,1045.67,22.9,81.71,NPK,Kharif,55.94
Sugarcane,Clay,80.75,28.7,44.4,Compost,Summer,44.16
Maize,Sandy,1538.54,20.95,88.96,DAP,Monsoon,16.86
Rice,Clay,225.74,41.37,28.05,DAP,Summer,11.79
Maize,Sandy,780.54,33.55,68.15,NPK,Kharif,40.58
Cotton,Silt,592.76,30.72,89.45,NPK,Kharif,31.2
Wheat,Silt,1602.26,26.78,74.53,Organic,Monsoon,25.55
Maize,Black,293.23,17.81,61.63,Urea,Rabi,39.66
Wheat,Sandy,993.2,30.14,83.03,DAP,Kharif,32.7
Soybean,Clay,802.99,30.72,74.46,DAP,Kharif,40.93
Sugarcane,Silt,508.15,33.21,75.17,NPK,Kharif,56.74
Cotton,Clay,1120.63,23.31,76.95,Urea,Monsoon,33.04
Soybean,Silt,131.53,17.11,52.19,Compost,Rabi,23.14
Cotton,Silt,1186.47,30.94,60.53,DAP,Kharif,32.55
Wheat,Black,1078.14,31.5,88.9,Organic,Kharif,32.85
Soybean,Black,1750.36,23.63,71.36,NPK,Monsoon,19.76
Cotton,Sandy,1516.66,23.63,81.31,Organic,Monsoon,14.28
Sugarcane,Clay,101.68,36.87,44.0,Urea,Summer,38.12
Maize,Loamy,296.97,23.15,57.28,Urea,Rabi,44.01
Maize,Black,148.3,23.64,41.47,NPK,Rabi,36.05
Rice,Sandy,846.5,26.33,86.8,Urea,Monsoon,37.03
Cotton,Silt,485.54,10.07,57.09,Organic,Rabi,19.01
Cotton,Black,376.73,12.78,59.46,Compost,Rabi,21.83
Sugarcane,Black,135.95,33.39,49.39,Organic,Summer,47.91
Rice,Sandy,243.21,34.34,24.0,Compost,Summer,10.0
Sugarcane,Black,183.73,41.1,38.98,DAP,Summer,30.09
Soybean,Sandy,492.53,20.4,63.75,DAP,Rabi,33.52
Sugarcane,Sandy,149.32,36.16,48.28,Urea,Summer,38.26
Sugarcane,Black,1608.3,25.23,70.63,DAP,Monsoon,44.06
Sugarcane,Loamy,192.54,30.25,28.6,NPK,Summer,33.59
Wheat,Sandy,751.08,27.43,78.48,NPK,Kharif,38.09
Soybean,Clay,1037.6,27.84,89.97,Organic,Monsoon,29.56
Sugarcane,Loamy,1216.57,27.88,87.13,Compost,Monsoon,52.1
Wheat,Loamy,348.22,22.49,61.1,DAP,Rabi,43.73
Sugarcane,Sandy,410.46,25.43,43.83,Organic,Rabi,45.14
Sugarcane,Loamy,394.03,11.91,36.22,NPK,Rabi,34.43
Maize,Clay,21.3,34.53,48.12,NPK,Summer,26.31
Maize,Black,132.83,36.02,30.74,Urea,Summer,18.0
Maize,Black,308.24,22.58,39.78,NPK,Rabi,35.93
Cotton,Loamy,453.36,20.61,44.93,DAP,Rabi,30.26
Soybean,Black,580.31,26.15,67.21,Compost,Kharif,42.31
Soybean,Clay,107.72,39.15,23.4,Urea,Summer,10.0
Sugarcane,Sandy,138.29,35.12,34.6,Urea,Summer,27.35
Sugarcane,Clay,1163.75,24.01,88.69,DAP,Kharif,48.43
Wheat,Loamy,445.98,16.79,38.12,NPK,Rabi,28.3
Sugarcane,Silt,109.5,21.47,36.14,Urea,Rabi,36.56
Rice,Sandy,902.47,24.73,67.76,Organic,Kharif,44.0
Sugarcane,Silt,23.88,37.43,36.05,Compost,Summer,28.47
Soybean,Loamy,990.62,22.87,87.84,Organic,Kharif,31.29
Sugarcane,Sandy,697.06,33.12,71.44,Organic,Kharif,54.54
Wheat,Silt,154.55,16.26,58.92,NPK,Rabi,30.8
Sugarcane,Clay,240.2,28.16,46.24,DAP,Summer,46.62
Wheat,Loamy,1337.15,29.47,77.62,Organic,Monsoon,36.67
Sugarcane,Sandy,1705.63,28.51,73.56,NPK,Monsoon,34.46
Soybean,Sandy,626.95,31.6,85.57,NPK,Kharif,32.04
Soybean,Silt,703.46,22.81,62.95,Organic,Kharif,41.31
Cotton,Sandy,368.52,13.75,43.55,DAP,Rabi,12.22
Rice,Sandy,1128.35,26.59,87.34,Compost,Monsoon,32.6
Soybean,Sandy,968.64,23.13,89.64,DAP,Monsoon,27.61
Sugarcane,Silt,50.89,38.26,46.34,DAP,Summer,36.05
Maize,Sandy,623.04,29.28,85.25,Compost,Kharif,37.21
Rice,Black,188.72,36.77,41.82,NPK,Summer,32.44
Soybean,Loamy,1569.2,22.13,70.92,Organic,Monsoon,26.04
Soybean,Silt,110.27,40.48,37.69,NPK,Summer,11.74
Rice,Silt,777.75,28.03,79.88,Organic,Kharif,48.53
Soybean,Clay,278.49,12.87,63.46,Organic,Rabi,26.52
Rice,Silt,653.17,27.85,61.89,DAP,Kharif,50.11
Wheat,Clay,109.26,40.85,46.45,Organic,Summer,14.35
Sugarcane,Sandy,212.02,31.69,36.33,Urea,Summer,32.46
Sugarcane,Silt,861.66,26.52,87.22,DAP,Kharif,53.14
Maize,Sandy,1687.17,20.07,92.05,Compost,Monsoon,10.0
Rice,Loamy,68.65,30.62,30.87,Organic,Summer,24.15
Wheat,Clay,185.66,34.74,34.36,Compost,Summer,15.09
Rice,Silt,117.26,19.18,39.83,Urea,Rabi,30.68
Wheat,Black,616.44,33.07,75.5,NPK,Kharif,41.52
Soybean,Loamy,651.62,29.28,74.14,DAP,Kharif,42.8
Rice,Silt,417.85,23.13,40.46,Organic,Rabi,39.07
Maize,Clay,1396.53,20.69,79.46,DAP,Monsoon,31.93
Wheat,Clay,1626.51,26.06,74.44,Organic,Monsoon,27.75
Soybean,Loamy,565.23,29.91,87.06,Organic,Kharif,35.82
Wheat,Silt,1170.38,20.43,83.25,Organic,Monsoon,30.44
Cotton,Silt,797.84,25.05,82.98,DAP,Kharif,35.78
Wheat,Sandy,1057.8,20.05,88.59,Organic,Monsoon,23.03
Soybean,Loamy,762.52,24.47,84.13,Organic,Kharif,37.39
Wheat,Clay,80.1,35.51,36.94,Compost,Summer,16.22
Sugarcane,Silt,1352.1,25.58,74.47,NPK,Monsoon,52.32
Cotton,Sandy,198.06,33.57,24.14,DAP,Summer,10.0
Wheat,Clay,140.11,18.13,58.58,Compost,Rabi,32.4
Soybean,Loamy,1764.57,20.05,72.28,NPK,Monsoon,17.37
Soybean,Silt,684.16,26.45,78.27,Urea,Kharif,39.96
Cotton,Black,183.67,36.36,48.37,Organic,Summer,23.16
Sugarcane,Silt,641.2,29.88,84.12,Compost,Kharif,52.38
Wheat,Black,346.08,20.78,45.79,Organic,Rabi,34.72
Rice,Loamy,1153.13,23.95,84.65,DAP,Monsoon,43.63
Sugarcane,Loamy,187.01,35.83,37.49,Urea,Summer,37.44
Maize,Clay,281.9,16.46,35.14,Organic,Rabi,22.14
Soybean,Loamy,852.22,26.08,63.51,Organic,Kharif,43.32
Maize,Black,179.66,41.52,36.9,Organic,Summer,16.73
Maize,Silt,837.38,25.09,71.48,Compost,Kharif,46.72
Rice,Clay,1755.45,25.17,70.24,DAP,Monsoon,30.77
Rice,Sandy,1473.7,28.21,71.9,Urea,Monsoon,35.88
Cotton,Sandy,457.73,14.31,63.41,DAP,Rabi,24.03
Rice,Silt,394.17,23.96,41.2,NPK,Rabi,38.6
Rice,Black,411.58,11.92,37.35,DAP,Rabi,27.5
Cotton,Black,1093.61,26.45,69.46,Urea,Kharif,38.58
Soybean,Sandy,493.76,24.66,43.41,Compost,Rabi,25.94
Soybean,Clay,1278.32,25.41,82.56,Urea,Monsoon,30.5
Sugarcane,Clay,988.77,27.52,80.68,Compost,Kharif,52.19
Rice,Silt,727.81,29.35,67.79,Organic,Kharif,50.08
Rice,Sandy,104.16,34.98,26.32,Compost,Summer,10.0
Maize,Sandy,123.67,36.0,49.38,Compost,Summer,24.27
Wheat,Sandy,1656.31,21.96,90.0,NPK,Monsoon,12.5
Cotton,Loamy,1299.6,29.96,91.23,NPK,Monsoon,24.55
Sugarcane,Sandy,77.72,40.02,21.43,Compost,Summer,10.0
Rice,Loamy,129.6,36.82,33.5,NPK,Summer,22.49
Maize,Sandy,99.15,33.76,30.53,Organic,Summer,12.41
Soybean,Clay,491.75,14.55,44.75,Organic,Rabi,25.04
Sugarcane,Silt,1413.66,24.64,93.91,Urea,Monsoon,39.78
Sugarcane,Sandy,1648.9,20.71,74.05,Compost,Monsoon,32.53
Maize,Sandy,1071.25,24.45,91.57,DAP,Monsoon,29.58
Soybean,Black,967.32,28.54,73.13,Compost,Monsoon,38.61
Maize,Loamy,258.82,11.53,63.1,NPK,Rabi,32.06
Wheat,Loamy,572.75,29.42,62.53,Compost,Kharif,46.39
Cotton,Sandy,395.04,17.09,38.79,NPK,Rabi,16.58
Rice,Loamy,217.88,32.55,34.28,Urea,Summer,31.22
Soybean,Sandy,935.11,29.48,83.48,Organic,Monsoon,31.15
Cotton,Black,229.05,34.74,26.81,Compost,Summer,10.0
Maize,Sandy,55.82,28.15,35.7,Compost,Summer,18.54
Rice,Sandy,1335.1,26.88,82.3,DAP,Monsoon,35.72
Maize,Loamy,157.31,39.15,36.45,Compost,Summer,16.96
Soybean,Silt,165.31,21.79,46.69,Compost,Rabi,27.02
Maize,Loamy,306.64,22.8,53.4,Compost,Rabi,43.3
Maize,Sandy,114.97,39.95,25.47,Organic,Summer,10.0
Sugarcane,Silt,1072.13,26.23,74.69,Organic,Monsoon,54.18
Wheat,Black,488.93,14.51,38.75,Urea,Rabi,23.61
Wheat,Clay,105.89,13.48,47.61,Urea,Rabi,22.36
Cotton,Sandy,731.17,32.12,88.55,Compost,Kharif,20.87
Cotton,Loamy,981.6,28.96,76.25,Organic,Monsoon,36.99
Wheat,Loamy,1571.23,24.43,88.44,NPK,Monsoon,21.35
Cotton,Loamy,289.13,20.9,44.36,Organic,Rabi,27.42
Sugarcane,Loamy,677.32,29.66,65.96,Organic,Kharif,64.29
Sugarcane,Clay,353.16,15.19,40.02,Urea,Rabi,39.25
Wheat,Silt,1178.18,28.97,80.72,NPK,Kharif,36.93
Rice,Sandy,163.08,11.46,53.56,Urea,Rabi,25.44
Sugarcane,Loamy,168.25,37.82,43.74,Urea,Summer,38.17
Rice,Sandy,205.27,34.14,25.79,Organic,Summer,12.23
Maize,Clay,839.71,27.25,68.84,DAP,Kharif,48.87
Rice,Black,94.45,34.56,46.03,NPK,Summer,33.83
Soybean,Clay,279.75,23.11,51.25,Urea,Rabi,33.99
Sugarcane,Black,453.17,19.92,45.92,Compost,Rabi,51.41
Maize,Loamy,989.87,26.83,89.14,Organic,Monsoon,38.14
Maize,Sandy,45.41,35.32,22.0,Compost,Summer,10.0
Rice,Clay,142.82,13.07,35.95,Urea,Rabi,20.7
Cotton,Silt,31.29,31.09,41.54,Organic,Summer,14.16
Rice,Silt,1601.02,20.61,83.95,Urea,Monsoon,29.12
Cotton,Sandy,141.67,38.28,45.03,Urea,Summer,10.0
Rice,Black,1007.62,28.38,65.68,Urea,Kharif,50.12
Rice,Black,1546.11,27.66,84.41,NPK,Monsoon,34.37
Sugarcane,Silt,416.98,18.8,50.14,Urea,Rabi,51.84
Soybean,Black,227.57,35.7,49.91,Compost,Summer,27.8
Cotton,Silt,325.26,13.42,57.97,DAP,Rabi,26.02
Maize,Sandy,1759.82,20.0,70.87,Compost,Monsoon,15.5
Wheat,Black,21.51,41.78,26.44,NPK,Summer,10.0
Sugarcane,Sandy,137.71,17.37,39.68,Organic,Rabi,32.62
Soybean,Clay,206.55,29.29,31.99,NPK,Summer,20.06
Sugarcane,Loamy,972.9,28.26,87.24,DAP,Monsoon,55.38
Wheat,Black,1011.55,28.92,62.35,DAP,Kharif,41.01
Maize,Sandy,1730.25,21.21,89.26,Compost,Monsoon,11.67
Soybean,Loamy,713.35,22.49,76.2,Compost,Kharif,38.15
Soybean,Clay,971.54,33.97,89.13,NPK,Kharif,31.14
Soybean,Black,272.77,22.58,39.44,Urea,Rabi,27.06
Cotton,Black,1062.56,23.99,80.86,Urea,Monsoon,34.54
Rice,Silt,295.14,20.44,40.88,Organic,Rabi,35.79
Sugarcane,Black,128.66,22.43,44.7,NPK,Rabi,50.66
Wheat,Loamy,1165.27,21.9,78.61,Compost,Monsoon,37.61
Maize,Clay,1423.18,24.4,93.11,DAP,Monsoon,24.95
Sugarcane,Sandy,578.66,22.65,88.47,NPK,Kharif,49.44
Maize,Loamy,713.58,27.65,69.96,DAP,Kharif,51.3
Rice,Clay,146.22,36.72,49.77,Organic,Summer,32.99
Sugarcane,Loamy,678.82,22.72,66.02,Compost,Kharif,61.86
Maize,Loamy,546.62,29.92,79.89,Compost,Kharif,46.76
Maize,Loamy,219.5,37.09,26.94,Urea,Summer,13.44
Sugarcane,Loamy,1666.77,25.32,74.66,DAP,Monsoon,43.74
Cotton,Black,673.17,28.35,70.01,Urea,Kharif,38.97
Rice,Loamy,101.74,32.23,49.88,DAP,Summer,40.16
Maize,Loamy,1690.4,28.15,70.74,DAP,Monsoon,31.08
Maize,Clay,226.35,37.2,22.63,NPK,Summer,10.0
Sugarcane,Black,1040.36,21.53,94.26,NPK,Monsoon,48.59
Maize,Silt,182.7,12.22,51.24,Organic,Rabi,27.0
Rice,Sandy,272.03,24.54,58.1,Organic,Rabi,41.34
Soybean,Clay,890.14,33.38,63.55,DAP,Kharif,38.39
Rice,Loamy,1761.2,23.03,88.64,DAP,Monsoon,23.76
Sugarcane,Sandy,142.71,12.96,57.87,NPK,Rabi,38.25
Maize,Black,338.54,13.69,35.78,Organic,Rabi,20.16
Cotton,Clay,1512.02,23.74,91.3,Organic,Monsoon,15.05
Rice,Clay,112.89,22.23,35.45,NPK,Rabi,28.99
Cotton,Clay,126.45,24.83,64.57,NPK,Rabi,34.47
Cotton,Sandy,271.02,22.42,53.24,Compost,Rabi,27.11
Sugarcane,Sandy,864.45,27.42,84.81,Compost,Kharif,46.27
Rice,Black,1783.83,20.39,79.68,Organic,Monsoon,24.28
Wheat,Clay,1198.04,23.05,90.69,DAP,Monsoon,29.01
Cotton,Sandy,982.97,32.84,73.91,Organic,Kharif,29.69
Wheat,Black,411.49,25.01,55.88,Urea,Rabi,39.53
Cotton,Sandy,625.22,29.08,81.38,Compost,Kharif,27.11
Cotton,Loamy,179.1,40.7,43.89,DAP,Summer,15.72
Wheat,Loamy,1434.07,20.85,87.68,Urea,Monsoon,26.87
Soybean,Black,1350.35,20.44,74.27,NPK,Monsoon,31.34
Sugarcane,Clay,171.55,21.39,47.59,NPK,Rabi,48.53
Cotton,Sandy,1128.98,33.53,60.11,NPK,Kharif,29.73
Wheat,Silt,1343.5,20.06,92.07,Compost,Monsoon,19.53
Soybean,Silt,1241.88,26.01,70.16,Compost,Monsoon,36.58
Maize,Black,119.57,12.37,54.6,Organic,Rabi,24.78
Wheat,Black,96.16,29.23,23.27,Organic,Summer,10.05
Rice,Sandy,486.52,21.99,45.81,Organic,Rabi,35.03
Maize,Sandy,1620.26,27.58,91.08,DAP,Monsoon,14.66
Cotton,Clay,95.72,33.79,26.3,Urea,Summer,10.0
Wheat,Loamy,838.56,30.26,88.02,Organic,Kharif,39.26
Maize,Silt,79.72,36.05,38.7,Organic,Summer,22.95
Soybean,Black,1292.5,21.8,85.24,Compost,Monsoon,28.76
Rice,Loamy,825.42,31.56,82.12,Urea,Kharif,45.58
Soybean,Silt,733.65,28.72,79.13,Compost,Kharif,34.86
Rice,Sandy,715.44,28.08,69.72,DAP,Kharif,43.62
Sugarcane,Sandy,1524.4,26.16,70.73,DAP,Monsoon,41.25
Maize,Sandy,1597.25,26.46,82.04,Compost,Monsoon,22.66
Soybean,Sandy,1727.79,20.56,83.03,Compost,Monsoon,10.0
Sugarcane,Sandy,645.78,30.23,83.99,Organic,Kharif,51.65
Maize,Loamy,213.37,32.75,31.26,NPK,Summer,23.87
Rice,Black,987.38,21.17,89.56,Organic,Monsoon,38.6
Maize,Loamy,886.8,28.77,79.29,DAP,Monsoon,48.7
Maize,Clay,60.25,33.24,21.12,Organic,Summer,10.0
Wheat,Silt,1059.32,32.86,64.62,Organic,Kharif,37.86
Cotton,Black,52.96,40.21,44.66,DAP,Summer,14.15
Sugarcane,Clay,821.56,30.56,75.67,NPK,Kharif,56.75
